,City,Country,Lat,Lng,Max Temp,Humidity,Cloudiness,Wind Speed,Current Description
0,Port Hedland,AU,-20.3167,118.5667,118.45,7,91,13.8,overcast clouds
1,Ushuaia,AR,-54.8,-68.3,36.57,87,50,2.51,scattered clouds
2,Hermanus,ZA,-34.4187,19.2345,68.9,82,100,17.0,overcast clouds
3,Cayambe,EC,0.05,-78.1333,49.26,96,100,2.75,light rain
4,Belmonte,BR,-15.8631,-38.8828,75.7,85,5,4.03,clear sky
5,Sitka,US,57.0531,-135.33,39.09,87,100,0.0,light rain
6,Yellowknife,CA,62.456,-114.3525,-6.59,87,99,5.01,overcast clouds
7,Dikson,RU,73.5069,80.5464,-2.04,94,100,20.49,light snow
8,Bambamarca,PE,-6.6833,-78.5333,51.96,87,100,2.42,overcast clouds
9,Severo-Kurilsk,RU,50.6789,156.125,31.95,88,100,41.94,light snow
10,Hokitika,NZ,-42.7167,170.9667,66.43,62,0,7.34,clear sky
11,Naze,JP,28.3667,129.4833,54.5,64,100,17.11,overcast clouds
12,Hervey Bay,AU,-25.2986,152.8535,86.11,59,27,5.99,scattered clouds
13,Vaini,TO,-21.2,-175.2,80.76,94,75,6.91,broken clouds
14,Pisco,PE,-13.7,-76.2167,71.02,88,100,9.22,overcast clouds
15,Inhambane,MZ,-23.865,35.3833,79.36,78,93,7.92,overcast clouds
16,Cape Town,ZA,-33.9258,18.4232,69.12,65,75,9.22,broken clouds
17,Rikitea,PF,-23.1203,-134.9692,77.07,75,6,19.22,light rain
18,East London,ZA,-33.0153,27.9116,70.45,86,100,10.6,light rain
19,Ewa Beach,US,21.3156,-158.0072,80.55,69,75,5.01,broken clouds
20,Mareeba,AU,-17.0,145.4333,91.33,62,78,2.17,broken clouds
21,Qaanaaq,GL,77.484,-69.3632,-2.79,96,100,2.42,overcast clouds
22,Bredasdorp,ZA,-34.5322,20.0403,68.29,85,100,14.58,overcast clouds
23,Barrow,US,71.2906,-156.7887,-11.18,77,0,5.75,clear sky
24,Tautira,PF,-17.7333,-149.15,75.0,89,100,18.03,moderate rain
25,Yongan,CN,39.6957,113.6871,16.57,45,0,7.29,clear sky
26,Chokurdakh,RU,70.6333,147.9167,-34.53,100,100,3.91,overcast clouds
27,Longyearbyen,SJ,78.2186,15.6401,31.84,93,75,10.36,light snow
28,Bandarbeyla,SO,9.4942,50.8122,73.15,70,22,15.77,few clouds
29,Provideniya,RU,64.3833,-173.3,5.11,61,0,20.13,clear sky
30,Avarua,CK,-21.2078,-159.775,82.45,74,75,13.8,broken clouds
31,Gat,IL,31.61,34.7642,59.4,48,99,6.02,overcast clouds
32,Morondava,MG,-20.2833,44.2833,77.05,89,100,6.04,moderate rain
33,Saint George,US,37.1041,-113.5841,50.54,44,0,3.0,clear sky
34,Suffolk,US,40.8668,-72.7996,36.86,70,0,0.0,clear sky
35,Torbay,CA,47.6666,-52.7314,22.26,80,92,1.99,overcast clouds
36,Svetlaya,RU,46.5389,138.3297,17.47,69,100,11.23,overcast clouds
37,Chitral,PK,35.8462,71.7858,26.04,54,29,7.16,scattered clouds
38,Punta Arenas,CL,-53.15,-70.9167,46.51,57,40,8.05,scattered clouds
39,Bluff,NZ,-46.6,168.3333,60.8,70,58,6.78,broken clouds
40,Yambio,SS,4.5721,28.3955,75.96,47,92,1.19,overcast clouds
41,Butaritari,KI,3.0707,172.7902,82.76,78,14,15.86,few clouds
42,Salalah,OM,17.0151,54.0924,68.09,60,0,2.3,clear sky
43,Akureyri,IS,65.6835,-18.0878,29.68,64,100,30.13,overcast clouds
44,Ekhabi,RU,53.5102,142.9671,23.97,85,100,15.21,overcast clouds
45,Adre,TD,13.4667,22.2,71.85,27,67,7.36,broken clouds
46,Fairbanks,US,64.8378,-147.7164,8.6,85,100,0.0,overcast clouds
47,Albany,US,42.6001,-73.9662,32.61,68,100,2.82,overcast clouds
48,Port Alfred,ZA,-33.5906,26.891,70.63,88,97,13.78,overcast clouds
49,Hobart,AU,-42.8794,147.3294,73.02,70,75,1.99,broken clouds
50,New Norfolk,AU,-42.7826,147.0587,72.66,36,94,8.03,overcast clouds
51,Bonavista,CA,48.6499,-53.1147,23.11,73,80,18.32,broken clouds
52,Yuncheng,CN,35.0231,110.9928,34.79,24,29,3.24,scattered clouds
53,Birin,NP,26.8865,88.0718,49.57,60,17,1.21,few clouds
54,Ekibastuz,KZ,51.6667,75.3667,8.1,96,99,4.63,overcast clouds
55,Tarko-Sale,RU,64.9225,77.785,7.77,90,100,18.57,overcast clouds
56,Larap,PH,14.299,122.6504,76.53,77,79,11.36,broken clouds
57,Mahebourg,MU,-20.4081,57.7,82.26,94,75,2.3,light intensity shower rain
58,Moerai,PF,-22.4333,-151.3333,76.57,85,100,12.66,light rain
59,Upernavik,GL,72.7868,-56.1549,5.86,92,100,4.7,overcast clouds
60,Jamestown,US,42.097,-79.2353,33.03,64,100,1.01,mist
61,Busselton,AU,-33.65,115.3333,79.32,47,6,9.48,clear sky
62,Alofi,NU,-19.0595,-169.9187,80.49,89,75,5.75,broken clouds
63,Monticello,US,45.3055,-93.7941,33.44,87,100,0.0,overcast clouds
64,Orlik,RU,52.5178,99.825,0.16,81,100,2.42,overcast clouds
65,Tuatapere,NZ,-46.1333,167.6833,60.82,56,9,7.43,clear sky
66,Puerto Ayora,EC,-0.7393,-90.3518,74.43,81,49,7.65,scattered clouds
67,Vila Franca Do Campo,PT,37.7167,-25.4333,57.61,83,7,11.18,clear sky
68,Quatre Cocos,MU,-20.2078,57.7625,82.09,84,98,8.68,overcast clouds
69,Itagiba,BR,-14.2836,-39.8428,66.74,97,19,1.25,few clouds
70,Khatanga,RU,71.9667,102.5,-11.69,99,100,5.26,overcast clouds
71,Stupino,RU,54.9008,38.0708,2.95,98,93,5.32,overcast clouds
72,Griffith,US,41.5284,-87.4237,35.04,86,40,0.0,scattered clouds
73,Robat Karim,IR,35.4846,51.0829,48.06,70,0,5.75,clear sky
74,Antofagasta,CL,-23.65,-70.4,65.48,83,94,6.08,overcast clouds
75,Sinnamary,GF,5.3833,-52.95,76.55,84,98,3.91,overcast clouds
76,Staryy Nadym,RU,65.6118,72.6842,11.66,91,100,15.55,overcast clouds
77,Malanje,AO,-9.5402,16.341,63.95,98,100,3.58,light rain
78,Kuldiga,LV,56.974,21.9572,38.89,98,100,11.41,overcast clouds
79,Bambous Virieux,MU,-20.3428,57.7575,82.22,94,75,2.3,light intensity shower rain
80,Vitim,RU,59.4511,112.5578,1.13,94,100,4.61,overcast clouds
81,Bowen,AU,-20.0167,148.2333,86.56,52,5,16.67,clear sky
82,Xining,CN,36.6167,101.7667,21.27,37,42,2.19,scattered clouds
83,Taoudenni,ML,22.6783,-3.9836,60.33,14,50,8.55,scattered clouds
84,Coldwater,US,41.9403,-85.0005,36.34,86,100,3.44,overcast clouds
85,Thompson,CA,55.7435,-97.8558,-17.45,98,24,4.81,few clouds
86,Cabo San Lucas,MX,22.8909,-109.9124,75.51,74,75,3.44,broken clouds
87,Kahului,US,20.8947,-156.47,78.06,87,40,16.11,scattered clouds
88,Mataura,NZ,-46.1927,168.8643,60.48,41,10,6.29,clear sky
89,Pingzhuang,CN,42.0372,119.2889,16.32,36,0,5.79,clear sky
90,Hasaki,JP,35.7333,140.8333,50.29,44,100,11.23,overcast clouds
91,Biak,ID,-0.9131,122.8766,83.61,65,100,0.27,overcast clouds
92,Chuy,UY,-33.6971,-53.4616,67.73,88,0,7.29,clear sky
93,Tasiilaq,GL,65.6145,-37.6368,15.96,63,42,10.2,scattered clouds
94,Bethel,US,41.3712,-73.414,32.81,76,20,0.0,few clouds
95,Saint-Philippe,RE,-21.3585,55.7679,77.22,84,100,10.56,light rain
96,Novikovo,RU,51.1537,37.8879,3.67,96,86,7.63,overcast clouds
97,Vao,NC,-22.6667,167.4833,77.11,80,20,22.21,few clouds
98,Yerbogachen,RU,61.2767,108.0108,-25.44,100,97,2.39,overcast clouds
99,Fortuna,US,40.5982,-124.1573,54.32,86,0,1.99,clear sky
100,Umm Kaddadah,SD,13.6017,26.6876,72.07,29,56,12.21,broken clouds
101,Diamantino,BR,-14.4086,-56.4461,71.51,92,94,4.43,overcast clouds
102,Port Elizabeth,ZA,-33.918,25.5701,70.11,91,89,8.68,overcast clouds
103,Ngunguru,NZ,-35.6167,174.5,75.16,68,0,16.6,clear sky
104,Mar Del Plata,AR,-38.0023,-57.5575,70.09,79,0,3.0,clear sky
105,Cabinda,AO,-5.55,12.2,76.05,86,100,3.67,overcast clouds
106,Castro,BR,-24.7911,-50.0119,61.48,97,69,4.92,broken clouds
107,Nikolskoye,RU,59.7035,30.7861,30.87,94,100,13.31,light snow
108,Hithadhoo,MV,-0.6,73.0833,82.47,73,100,7.78,overcast clouds
109,Matipo,BR,-20.2839,-42.3411,68.54,93,46,2.46,scattered clouds
110,Asau,RO,46.4333,26.4,13.95,87,48,3.71,scattered clouds
111,Sampit,ID,-2.5333,112.95,81.86,82,98,1.25,overcast clouds
112,Kemijarvi,FI,66.7131,27.4306,31.1,77,100,13.51,overcast clouds
113,Lebu,CL,-37.6167,-73.65,56.5,93,8,5.82,clear sky
114,Kaitangata,NZ,-46.2817,169.8464,61.93,60,16,11.68,few clouds
115,Cidreira,BR,-30.1811,-50.2056,73.06,82,0,14.38,clear sky
116,Soria,ES,41.6667,-2.6667,31.91,65,1,3.62,clear sky
117,Jinka,ET,5.65,36.65,64.78,44,98,2.82,overcast clouds
118,Bairiki,KI,1.3292,172.9752,86.0,70,40,12.66,scattered clouds
119,Sar-E Pul,AF,35.8333,66.1667,35.51,71,93,4.88,overcast clouds
120,Saskylakh,RU,71.9167,114.0833,-36.17,100,70,5.21,broken clouds
121,Kangasala,FI,61.4638,24.076,39.47,85,100,17.47,overcast clouds
122,Oranjemund,NA,-28.55,16.4333,63.88,94,31,4.32,scattered clouds
123,Meulaboh,ID,4.1363,96.1285,80.11,77,87,2.86,overcast clouds
124,Strezhevoy,RU,60.7333,77.5889,1.38,100,99,5.75,overcast clouds
125,Loviisa,FI,60.4566,26.2251,37.45,96,100,15.03,overcast clouds
126,Lagoa,PT,39.05,-27.9833,60.66,75,79,13.44,broken clouds
127,Esperance,AU,-33.8667,121.9,82.53,47,1,13.13,clear sky
128,Brownsville,US,25.9018,-97.4975,60.91,87,100,3.0,overcast clouds
129,North Augusta,US,33.5018,-81.9651,44.15,68,0,0.0,clear sky
130,Ayan,RU,56.45,138.1667,4.71,73,99,1.48,overcast clouds
131,Faanui,PF,-16.4833,-151.75,78.01,84,100,15.64,light rain
132,Puerto Colombia,CO,10.9878,-74.9547,77.09,84,0,22.73,clear sky
133,Deputatskiy,RU,69.3,139.9,-14.94,100,100,1.28,overcast clouds
134,Bogatyye Saby,RU,56.0102,50.4483,12.97,95,100,9.71,snow
135,Plerin,FR,48.5425,-2.7798,44.37,98,39,1.99,scattered clouds
136,Hilo,US,19.7297,-155.09,76.73,87,40,5.75,scattered clouds
137,Bahia Blanca,AR,-38.7196,-62.2724,92.01,20,0,15.9,clear sky
138,Snezhnogorsk,RU,69.1933,33.2531,31.78,90,100,23.0,overcast clouds
139,Shenjiamen,CN,29.9576,122.298,43.77,65,100,24.05,overcast clouds
140,Na Klang,TH,17.3072,102.1889,75.31,49,0,5.23,clear sky
141,Lichinga,MZ,-13.3128,35.2406,62.13,96,100,2.26,light rain
142,Atuona,PF,-9.8,-139.0333,77.85,73,12,8.25,few clouds
143,Kargil,IN,34.5667,76.1,-4.67,88,100,2.01,overcast clouds
144,Airai,TL,-8.9266,125.4092,71.67,67,100,4.81,overcast clouds
145,Zvishavane,ZW,-20.3267,30.0665,66.51,96,100,6.49,overcast clouds
146,Pasni,PK,25.2631,63.471,65.25,42,0,9.08,clear sky
147,Grindavik,IS,63.8424,-22.4338,32.47,93,75,29.93,light shower snow
148,Kapaa,US,22.0752,-159.319,76.12,76,100,1.01,overcast clouds
149,Ilulissat,GL,69.2167,-51.1,14.02,62,20,8.05,few clouds
150,Sambava,MG,-14.2667,50.1667,74.34,86,100,4.74,overcast clouds
151,Altamira,BR,-3.2033,-52.2064,71.89,99,100,1.92,overcast clouds
152,Kenai,US,60.5544,-151.2583,31.14,97,100,3.44,fog
153,Mitzic,GA,0.7821,11.549,69.12,98,100,3.2,overcast clouds
154,Anadyr,RU,64.75,177.4833,-17.9,76,20,4.47,few clouds
155,La Ronge,CA,55.1001,-105.2842,13.89,95,100,2.39,overcast clouds
156,Northam,GB,51.0333,-4.2167,41.47,68,0,4.18,clear sky
157,Kununurra,AU,-15.7667,128.7333,80.58,89,75,5.75,light rain
158,Tonosho,JP,34.4833,134.1833,44.29,50,29,30.18,scattered clouds
159,Sira,IN,13.7453,76.9092,71.55,58,100,4.21,overcast clouds
160,Manzhouli,CN,49.6,117.4333,2.41,74,34,3.31,scattered clouds
161,Gazanjyk,TM,39.2446,55.5154,43.99,85,100,11.32,overcast clouds
162,Bethanien,NA,-26.502,17.1583,74.21,41,0,8.55,clear sky
163,Victoria,HK,22.2855,114.1577,67.17,70,100,1.01,overcast clouds
164,Leningradskiy,RU,69.3833,178.4167,-21.44,97,7,5.77,clear sky
165,Lavrentiya,RU,65.5833,-171.0,-15.77,94,28,9.84,scattered clouds
166,Rio Gallegos,AR,-51.6226,-69.2181,50.07,49,98,15.59,overcast clouds
167,Palu,ID,-0.8917,119.8707,85.5,68,100,3.65,overcast clouds
168,Tadine,NC,-21.55,167.8833,79.93,79,39,15.19,scattered clouds
169,Tuktoyaktuk,CA,69.4541,-133.0374,-13.67,97,99,8.61,overcast clouds
170,Batagay-Alyta,RU,67.8006,130.4114,-15.9,98,100,2.62,overcast clouds
171,Maxixe,MZ,-23.8597,35.3472,78.84,78,94,7.02,overcast clouds
172,Arlit,NE,18.7369,7.3853,63.03,7,0,8.08,clear sky
173,Broome,US,42.2506,-75.833,33.91,75,100,3.0,overcast clouds
174,Sao Raimundo Das Mangabeiras,BR,-7.0219,-45.4811,71.65,96,100,3.67,overcast clouds
175,Nieuw Amsterdam,SR,5.8833,-55.0833,78.03,89,53,5.26,broken clouds
176,Christchurch,NZ,-43.5333,172.6333,67.95,50,75,3.0,broken clouds
177,Guerrero Negro,MX,27.9769,-114.0611,68.34,41,50,6.13,scattered clouds
178,Vostok,RU,46.4856,135.8833,-2.51,93,100,4.38,light snow
179,Katobu,ID,-4.9408,122.5276,86.77,62,100,5.48,moderate rain
180,Ribeira Grande,PT,38.5167,-28.7,61.2,76,6,14.41,clear sky
181,Lasa,IT,46.6166,10.7002,29.28,57,1,6.33,clear sky
182,Kang,BW,-23.6752,22.7876,68.9,79,83,7.7,broken clouds
183,Suchiate,MX,14.55,-92.2167,80.29,76,1,3.18,clear sky
184,Mandali,IQ,33.7499,45.5541,59.72,49,100,7.76,overcast clouds
185,Rincon,US,32.296,-81.2354,48.85,93,75,3.44,broken clouds
186,Mayo,US,38.8876,-76.5119,40.55,76,0,1.01,clear sky
187,Kui Buri,TH,12.0828,99.8543,84.2,63,51,2.82,broken clouds
188,Vardo,NO,70.3705,31.1107,35.71,82,100,25.97,overcast clouds
189,Bulalacao,PH,12.3254,121.3435,80.24,71,83,19.91,broken clouds
190,Soyo,AO,-6.1349,12.3689,76.39,84,100,4.52,overcast clouds
191,Nouakchott,MR,18.0858,-15.9785,67.93,39,67,3.18,broken clouds
192,Kungurtug,RU,50.5994,97.5228,-0.06,81,100,1.16,overcast clouds
193,Cayenne,GF,4.9333,-52.3333,75.09,92,0,0.0,clear sky
194,Nyanguge,TZ,-2.55,33.2,66.97,59,95,8.08,overcast clouds
195,Copiapo,CL,-27.3667,-70.3333,68.92,60,99,2.91,overcast clouds
196,Sao Joao Da Barra,BR,-21.6403,-41.0511,74.46,94,11,7.16,few clouds
197,Anloga,GH,5.7947,0.8973,81.14,81,100,11.16,light rain
198,Blagoyevo,RU,63.3667,47.9167,8.2,74,100,14.38,overcast clouds
199,Lompoc,US,34.6391,-120.4579,63.52,58,0,0.0,clear sky
200,Rawson,AR,-43.3002,-65.1023,70.77,60,0,6.55,clear sky
201,Rio Pomba,BR,-21.2747,-43.1792,70.02,91,100,2.17,overcast clouds
202,Praya,CV,14.9215,-23.5087,70.34,73,75,9.22,broken clouds
203,Lahat,ID,-3.8,103.5333,82.06,73,55,4.29,broken clouds
204,Pakhtakoron,TJ,40.1571,68.7466,43.2,55,97,11.77,overcast clouds
205,Masuguru,TZ,-11.3667,38.4167,72.32,92,100,4.09,overcast clouds
206,Carnarvon,AU,-24.8667,113.6333,82.47,61,0,20.71,clear sky
207,Zhigansk,RU,66.7697,123.3711,-22.99,98,100,8.97,overcast clouds
208,Bela,IN,25.9333,81.9833,55.85,68,50,3.4,scattered clouds
209,Moses Lake,US,47.1301,-119.2781,37.18,93,0,0.0,mist
210,Hovd,MN,48.0056,91.6419,2.37,71,44,2.64,scattered clouds
211,Saint Anthony,US,45.0205,-93.218,33.42,81,100,4.61,overcast clouds
212,Kathu,TH,7.9178,98.3332,84.69,67,97,20.11,overcast clouds
213,Husavik,IS,66.0449,-17.3389,33.71,60,89,35.63,overcast clouds
214,Codrington,AU,-38.2667,141.9667,80.69,53,84,6.8,light rain
215,Tiksi,RU,71.6872,128.8694,-16.02,96,100,5.48,overcast clouds
216,Jibuti,DJ,11.5,42.5,69.22,76,100,14.97,overcast clouds
217,Porosozero,RU,62.7191,32.727,30.6,97,100,15.46,snow
218,Gejiu,CN,23.306,103.1635,48.81,78,54,6.55,broken clouds
219,Boulder,US,40.0833,-105.3505,38.86,53,0,8.05,clear sky
220,Novobirilyussy,RU,56.9514,90.6661,-12.8,100,100,1.97,overcast clouds
221,Georgetown,MY,5.4112,100.3354,84.13,51,20,11.5,few clouds
222,Rabo De Peixe,PT,37.8,-25.5833,56.71,98,20,8.05,few clouds
223,Hobyo,SO,5.3505,48.5268,76.1,71,26,20.09,scattered clouds
224,Bengkulu,ID,-3.8004,102.2655,83.32,66,30,2.95,scattered clouds
225,Raudeberg,NO,61.9875,5.1352,47.86,96,100,15.01,overcast clouds
226,Tornabe,HN,15.75,-87.55,72.12,91,16,2.28,few clouds
227,Liverpool,GB,53.4106,-2.9779,43.63,93,2,0.0,fog
228,Arraial Do Cabo,BR,-22.9661,-42.0278,75.67,90,100,2.37,overcast clouds
229,Yulara,AU,-25.2406,130.9889,103.84,9,0,10.36,clear sky
230,Mount Gambier,AU,-37.8333,140.7667,79.23,57,73,7.18,broken clouds
231,Vega De Alatorre,MX,20.0333,-96.6333,68.32,86,97,10.98,overcast clouds
232,Atagay,RU,55.1033,99.3875,7.48,95,100,1.92,overcast clouds
233,Bartica,GY,6.4,-58.6167,71.92,97,100,2.1,overcast clouds
234,Cardoso,BR,-20.0819,-49.9142,70.11,92,98,5.73,overcast clouds
235,Liyang,CN,29.7057,118.2862,44.49,53,60,5.14,broken clouds
236,Ponta Do Sol,PT,32.6667,-17.1,62.71,72,50,3.24,scattered clouds
237,Laguna,US,38.421,-121.4238,57.7,87,0,0.0,clear sky
238,Ailigandi,PA,9.2333,-78.0167,78.03,79,79,10.51,broken clouds
239,Don Matias,CO,6.4857,-75.395,58.6,98,84,1.16,broken clouds
240,Pocone,BR,-16.2567,-56.6228,71.42,89,34,3.42,scattered clouds
241,Cabedelo,BR,-6.9811,-34.8339,79.47,79,6,4.63,clear sky
242,Ibbenburen,DE,52.2667,7.7333,37.54,100,75,5.75,mist
243,Ballina,AU,-28.8667,153.5667,84.38,64,1,9.28,clear sky
244,Ancud,CL,-41.8697,-73.8203,57.22,92,2,4.74,clear sky
245,Pevek,RU,69.7008,170.3133,-19.35,96,28,1.5,scattered clouds
246,Tabatinga,BR,-4.2525,-69.9381,78.89,94,0,2.3,clear sky
247,Otavi,NA,-19.65,17.3333,71.6,42,100,5.99,overcast clouds
248,Magelang,ID,-7.4706,110.2178,81.7,86,100,3.18,overcast clouds
249,Saldanha,ZA,-33.0117,17.9442,66.25,82,59,8.9,broken clouds
250,Praia Da Vitoria,PT,38.7333,-27.0667,57.76,88,75,14.85,broken clouds
251,Coihaique,CL,-45.5752,-72.0662,55.35,62,0,3.44,clear sky
252,Katsuura,JP,35.1333,140.3,52.2,57,86,19.22,overcast clouds
253,Klaksvik,FO,62.2266,-6.589,49.12,89,100,39.55,overcast clouds
254,Palmas Bellas,PA,9.2319,-80.0867,77.34,78,0,8.03,clear sky
255,Cacu,BR,-18.5567,-51.1308,69.39,96,100,5.01,overcast clouds
256,Cherdyn,RU,60.403,56.4787,-11.88,99,65,4.83,broken clouds
257,Kambove,CD,-10.8764,26.5969,61.59,97,100,4.0,overcast clouds
258,Port Hardy,CA,50.6996,-127.4199,50.76,87,100,8.05,light intensity shower rain
259,Pringsewu,ID,-5.3582,104.9744,80.76,73,100,4.05,overcast clouds
260,Touros,BR,-5.1989,-35.4608,76.1,84,45,5.48,scattered clouds
261,Flinders,AU,-34.5833,150.8552,74.8,79,66,8.68,light rain
262,Parral,MX,26.9333,-105.6667,52.05,43,70,2.33,broken clouds
263,Constitucion,CL,-35.3333,-72.4167,57.38,93,10,5.88,clear sky
264,Murray Bridge,AU,-35.1167,139.2667,85.82,30,0,7.18,clear sky
265,Ust-Kuyga,RU,70.0167,135.6,-11.92,98,100,0.47,overcast clouds
266,Nouadhibou,MR,20.931,-17.0347,66.18,42,95,13.8,overcast clouds
267,Turukhansk,RU,65.8167,87.9833,-22.86,96,95,10.58,overcast clouds
268,Camacha,PT,33.0833,-16.3333,60.22,77,40,6.91,scattered clouds
269,Mezen,RU,65.8522,44.24,17.06,91,100,18.01,light snow
270,Farafenni,GM,13.5667,-15.6,75.16,31,58,7.67,broken clouds
271,Surt,LY,31.2089,16.5887,56.39,77,11,16.67,few clouds
272,Tabou,CI,4.423,-7.3528,78.53,86,28,6.76,light rain
273,Clyde River,CA,70.4692,-68.5914,-28.97,68,0,0.0,clear sky
274,Aplahoue,BJ,6.9333,1.6833,77.5,84,82,3.31,broken clouds
275,Correntina,BR,-13.3433,-44.6367,67.46,95,100,2.15,light rain
276,Richards Bay,ZA,-28.783,32.0377,70.99,88,30,6.69,scattered clouds
277,Aras,ES,42.5617,-2.356,33.31,93,0,2.3,clear sky
278,Cortez,US,37.3489,-108.5859,36.7,74,0,8.05,clear sky
279,Chernyshevskiy,RU,63.0128,112.4714,-20.07,99,99,1.88,overcast clouds
280,Karacakoy,TR,41.4029,28.3834,36.3,64,100,23.91,overcast clouds
281,Tacuarembo,UY,-31.7333,-55.9833,75.49,72,0,12.39,clear sky
282,San Patricio,US,28.017,-97.5169,60.89,80,48,4.81,scattered clouds
283,Galesburg,US,40.9478,-90.3712,35.31,89,0,4.61,clear sky
284,Izhma,RU,65.0083,53.9113,11.95,73,100,15.1,overcast clouds
285,Juneau,US,58.3019,-134.4197,38.84,97,75,6.91,broken clouds
286,Burns Lake,CA,54.2331,-125.7533,31.42,99,100,2.15,light snow
287,Ushtobe,KZ,45.2514,77.9838,33.12,54,100,3.87,overcast clouds
288,Beloha,MG,-25.1667,45.05,76.3,89,100,5.82,overcast clouds
289,Auki,SB,-8.7676,160.7034,80.78,86,100,9.13,overcast clouds
290,Geraldton,AU,-28.7667,114.6,79.21,57,0,17.27,clear sky
291,Acapulco,MX,16.8634,-99.8901,78.62,83,0,3.44,clear sky
292,Forest,US,37.3638,-79.2897,38.19,70,0,5.75,clear sky
293,Kapuskasing,CA,49.4169,-82.4331,-20.11,76,0,0.0,clear sky
294,Chhindwara,IN,22.0667,78.9333,56.39,66,1,6.71,clear sky
295,Kavaratti,IN,10.5669,72.642,78.51,68,98,10.65,overcast clouds
296,Lazaro Cardenas,MX,17.9583,-102.2,75.67,73,13,2.51,few clouds
297,Pueblo Nuevo,MX,23.3833,-105.3833,53.1,61,78,6.55,broken clouds
298,Puerto Escondido,MX,15.85,-97.0667,79.63,69,20,0.0,few clouds
299,San-Pedro,CI,4.7485,-6.6363,79.05,86,10,7.43,light rain
300,Jesenice,SI,46.4306,14.0669,27.52,80,3,1.61,clear sky
301,Kloulklubed,PW,7.0419,134.2556,84.7,73,69,17.6,broken clouds
302,Cherskiy,RU,68.75,161.3,-28.55,99,15,2.53,few clouds
303,Sakaide,JP,34.3167,133.85,43.54,56,75,25.32,broken clouds
304,San Cristobal,VE,7.7669,-72.225,66.38,93,54,2.15,broken clouds
305,Roald,NO,62.5833,6.1333,48.99,93,100,42.57,drizzle
306,Yatou,CN,37.15,122.3833,29.61,45,79,20.27,broken clouds
307,Shingu,JP,33.7333,135.9833,45.91,52,6,18.19,clear sky
308,Petropavlovsk-Kamchatskiy,RU,53.0452,158.6483,21.79,63,75,4.47,broken clouds
309,Porto Novo,BJ,6.4965,2.6036,84.02,85,84,6.33,light rain
310,Neiafu,TO,-18.65,-173.9833,84.88,79,75,11.5,broken clouds
311,Norman Wells,CA,65.282,-126.8329,-9.36,64,75,0.0,broken clouds
312,Yarim,YE,14.298,44.3779,48.78,41,23,4.23,few clouds
313,Lerwick,GB,60.1545,-1.1494,48.25,85,100,35.16,overcast clouds
314,Kilembe,UG,0.2,30.0,63.95,56,100,4.36,overcast clouds
315,Tecoanapa,MX,16.5167,-98.75,78.21,70,0,4.14,clear sky
316,Boudry,CH,46.9499,6.8376,29.5,86,5,0.0,clear sky
317,Vila Velha,BR,-20.3297,-40.2925,77.95,73,0,5.99,clear sky
318,Baherden,TM,38.4362,57.4316,46.67,61,100,5.7,overcast clouds
319,Portland,US,45.5234,-122.6762,53.38,81,0,1.01,clear sky
320,Trairi,BR,-3.2778,-39.2689,76.41,82,94,3.22,overcast clouds
321,Nagato,JP,34.3833,131.2,42.21,70,100,21.23,overcast clouds
322,Haizhou,CN,34.5817,119.1289,34.05,31,0,10.51,clear sky
323,Zyryanka,RU,65.75,150.85,-28.97,98,100,3.13,overcast clouds
324,Manono,CD,-7.3,27.4167,69.37,97,100,1.43,overcast clouds
325,Maniitsoq,GL,65.4167,-52.9,10.2,88,100,10.04,light snow
326,Sistranda,NO,63.7256,8.834,46.36,92,100,39.95,light rain
327,Florianopolis,BR,-27.6146,-48.5012,70.83,83,75,1.14,broken clouds
328,Bilibino,RU,68.0546,166.4372,-12.1,81,81,3.96,broken clouds
329,Fort-Shevchenko,KZ,44.5086,50.263,35.89,81,80,14.79,broken clouds
330,Luderitz,NA,-26.6481,15.1594,63.97,94,5,8.32,clear sky
331,Souillac,MU,-20.5167,57.5167,82.36,94,75,2.3,light intensity shower rain
332,Necochea,AR,-38.5473,-58.7368,81.03,35,0,18.3,clear sky
333,Kawalu,ID,-7.3817,108.2082,78.37,79,99,1.25,overcast clouds
334,Balkanabat,TM,39.5108,54.3671,48.81,58,100,6.38,overcast clouds
335,Namibe,AO,-15.1961,12.1522,67.98,72,100,3.06,overcast clouds
336,Parrita,CR,9.5201,-84.3225,80.37,80,14,3.27,few clouds
337,Bilma,NE,18.6853,12.9164,61.54,10,0,8.41,clear sky
338,Linhares,BR,-19.3911,-40.0722,70.7,97,1,3.83,clear sky
339,Nanortalik,GL,60.1432,-45.2371,15.69,80,85,7.11,overcast clouds
340,Camana,PE,-16.6228,-72.7111,72.64,81,100,5.12,overcast clouds
341,Paramonga,PE,-10.6667,-77.8333,71.11,82,98,7.56,overcast clouds
342,Shieli,KZ,44.1667,66.75,32.95,94,37,12.77,scattered clouds
343,Ambilobe,MG,-13.2,49.05,75.31,94,100,1.52,overcast clouds
344,Dunedin,NZ,-45.8742,170.5036,60.33,63,11,13.18,few clouds
345,Victoria Point,AU,-27.5833,153.3,86.14,56,21,5.99,few clouds
346,Ibra,OM,22.6906,58.5334,59.32,66,4,0.81,clear sky
347,Port Blair,IN,11.6667,92.75,82.81,70,100,12.17,overcast clouds
348,Kodiak,US,57.79,-152.4072,27.91,86,75,3.44,broken clouds
349,Mogocha,RU,53.7333,119.7667,-5.73,88,100,2.26,overcast clouds
350,Opava,CZ,49.9387,17.9026,32.9,93,90,1.99,overcast clouds
351,Goma,CD,-1.6792,29.2228,63.68,71,100,3.38,overcast clouds
352,Kupang,ID,-10.1667,123.5833,81.18,83,75,4.61,moderate rain
353,Hurghada,EG,27.2574,33.8129,62.08,31,54,7.85,broken clouds
354,Skibbereen,IE,51.55,-9.2667,42.6,84,0,1.43,clear sky
355,The Valley,AI,18.217,-63.0578,75.09,75,10,15.86,clear sky
356,Safford,US,32.834,-109.7076,55.11,56,0,4.61,clear sky
357,Maragogi,BR,-9.0122,-35.2225,76.33,86,62,0.49,broken clouds
358,Olga,RU,43.7444,135.2892,11.97,46,67,16.96,broken clouds
359,Paris,FR,48.8534,2.3488,39.07,98,100,3.0,fog
360,Port Hawkesbury,CA,45.6169,-61.3485,32.59,94,100,8.99,light snow
361,Poyarkovo,RU,49.6,128.6833,-13.11,92,54,6.58,broken clouds
362,Nishihara,JP,26.1842,127.7558,57.25,77,100,9.22,overcast clouds
363,Kruisfontein,ZA,-34.0033,24.7314,67.89,96,99,4.23,overcast clouds
364,Saint-Augustin,CA,51.226,-58.6502,23.49,92,100,19.51,snow
365,Bandar-E Lengeh,IR,26.5579,54.8807,62.71,94,0,4.61,clear sky
366,Hami,CN,42.8,93.45,26.56,44,100,1.95,overcast clouds
367,Nha Trang,VN,12.25,109.1833,80.6,73,85,12.48,overcast clouds
368,Carauari,BR,-4.8828,-66.8958,72.0,98,100,0.63,overcast clouds
369,Loandjili,CG,-4.7561,11.8578,75.31,94,20,0.0,few clouds
370,Beringovskiy,RU,63.05,179.3167,-13.31,93,35,10.65,scattered clouds
371,Ustupo,PA,9.1333,-77.9333,76.55,84,59,8.75,broken clouds
372,Mahibadhoo,MV,3.7833,72.9667,81.57,75,63,6.98,broken clouds
373,Iqaluit,CA,63.7506,-68.5145,-15.07,64,40,8.05,scattered clouds
374,Srivardhan,IN,18.0333,73.0167,68.4,77,20,3.09,few clouds
375,Buala,SB,-8.145,159.5921,83.03,83,100,12.06,moderate rain
376,Weihai,CN,37.5017,122.1136,29.86,51,100,22.86,overcast clouds
377,Muros,ES,42.7762,-9.0603,50.85,82,7,6.96,clear sky
378,College,US,64.8569,-147.8028,8.58,85,75,3.44,broken clouds
379,Palmer,US,42.1584,-72.3287,32.47,61,100,5.75,overcast clouds
380,Paoua,CF,7.2427,16.4406,70.47,25,96,4.27,overcast clouds
381,Gushikawa,JP,26.3544,127.8686,57.2,73,100,5.75,overcast clouds
382,Chicama,PE,-7.8447,-79.1469,68.54,78,94,5.46,overcast clouds
383,Mumbwa,ZM,-14.9783,27.0619,65.32,96,100,6.44,moderate rain
384,Misratah,LY,32.3754,15.0925,56.53,75,16,20.94,few clouds
385,Henties Bay,NA,-22.116,14.2845,63.86,82,100,2.64,overcast clouds
386,Honningsvag,NO,70.9821,25.9704,37.17,73,100,28.81,overcast clouds
387,Quelimane,MZ,-17.8786,36.8883,78.75,94,75,3.44,broken clouds
388,Ust-Maya,RU,60.4167,134.5333,-16.42,94,63,2.19,broken clouds
389,Avera,US,33.194,-82.5271,46.27,56,100,3.91,overcast clouds
390,San Vicente,AR,-26.6167,-54.1333,67.95,29,0,2.75,clear sky
391,Noshiro,JP,40.2039,140.0242,34.74,69,100,20.87,light snow
392,Tempio Pausania,IT,40.8974,9.1035,34.83,71,6,8.84,clear sky
393,Sarahan,IN,31.5167,77.8,32.02,38,100,8.79,overcast clouds
394,Nyurba,RU,63.2842,118.3319,-9.13,98,100,2.59,overcast clouds
395,Yumen,CN,40.2833,97.2,23.58,42,100,10.25,overcast clouds
396,Balkhash,KZ,46.844,74.9804,9.21,92,100,6.71,mist
397,Matagami,CA,49.7502,-77.6328,-27.29,75,0,0.0,clear sky
398,Atbasar,KZ,51.8,68.3333,4.51,89,78,11.07,broken clouds
399,Cap Malheureux,MU,-19.9842,57.6142,82.47,80,100,5.99,overcast clouds
400,Garissa,KE,-0.4536,39.6401,74.37,79,99,1.61,overcast clouds
401,Wanxian,CN,30.8039,108.3897,50.36,78,100,3.74,light rain
402,Pszow,PL,50.0399,18.3947,31.42,95,100,5.19,overcast clouds
403,De-Kastri,RU,51.4667,140.7833,15.22,89,100,10.16,overcast clouds
404,Kyra,RU,49.5776,111.9753,3.69,64,88,1.9,overcast clouds
405,Sao Filipe,CV,14.8961,-24.4956,72.21,68,86,4.32,overcast clouds
406,Haselunne,DE,52.6667,7.4833,41.81,95,5,8.5,clear sky
407,Barra Do Bugres,BR,-15.0725,-57.1811,72.52,84,48,2.59,scattered clouds
408,Granadilla De Abona,ES,28.1188,-16.576,59.85,50,0,3.44,clear sky
409,Tura,IN,25.5198,90.2201,62.22,82,22,3.18,few clouds
410,Qandala,SO,11.472,49.8728,71.46,72,27,4.92,scattered clouds
411,Tonj,SS,7.2737,28.6822,79.97,37,76,2.89,broken clouds
412,Chern,RU,53.4523,36.9145,2.66,97,97,7.63,overcast clouds
413,Pacific Grove,US,36.6177,-121.9166,58.95,65,0,1.01,clear sky
414,Pangai,TO,-19.8,-174.35,86.11,74,75,11.5,broken clouds
415,Amapa,BR,1.0,-52.0,70.56,100,100,2.37,heavy intensity rain
416,Pundaguitan,PH,6.3711,126.1689,80.91,76,44,5.48,scattered clouds
417,Rajakhera,IN,26.8961,78.1714,51.08,73,4,2.21,clear sky
418,Antalaha,MG,-14.9003,50.2788,75.38,89,100,4.14,overcast clouds
419,Saceni,RO,44.2333,25.0667,27.12,79,41,6.85,scattered clouds
420,Ohara,JP,35.25,140.3833,52.02,56,98,9.86,overcast clouds
421,Bodden Town,KY,19.2833,-81.25,77.0,74,20,0.0,few clouds
422,West Wendover,US,40.7391,-114.0733,24.01,80,0,0.0,clear sky
423,Jiuquan,CN,39.7432,98.5174,25.03,36,100,2.15,overcast clouds
424,Tombouctou,ML,20.0,-3.0,59.41,12,47,10.11,scattered clouds
425,Huarmey,PE,-10.0681,-78.1522,71.08,81,93,8.14,overcast clouds
426,Malmesbury,ZA,-33.4608,18.7271,67.8,68,74,6.4,broken clouds
427,Lincoln,US,40.8,-96.667,47.01,53,100,1.99,overcast clouds
428,Bud,US,39.447,-86.1758,40.33,82,50,5.39,scattered clouds
429,Cartagena,CO,10.3997,-75.5144,76.62,88,20,5.75,few clouds
430,Makakilo City,US,21.3469,-158.0858,79.12,69,75,6.91,broken clouds
431,Cuiluan,CN,47.72,128.648,-4.25,78,68,3.71,broken clouds
432,Paamiut,GL,61.994,-49.6678,6.35,84,46,12.71,scattered clouds
433,Hoquiam,US,46.9809,-123.8893,53.58,86,20,18.41,few clouds
434,Le Port,RE,-20.9373,55.2919,77.61,81,99,9.82,light rain
435,Lebowakgomo,ZA,-24.2,29.5,63.5,90,57,4.07,broken clouds
436,Kathmandu,NP,27.7167,85.3167,46.62,93,20,3.44,mist
437,Opuwo,NA,-18.0607,13.84,62.22,23,57,0.49,broken clouds
438,Safaga,EG,26.7292,33.9365,57.15,32,16,5.77,few clouds
439,Mitsamiouli,KM,-11.3847,43.2844,82.24,72,100,8.93,overcast clouds
440,Beaverlodge,CA,55.2166,-119.4361,20.55,94,100,2.04,overcast clouds
441,Faya,SA,18.3851,42.4509,50.11,71,23,2.86,few clouds
442,Bubaque,GW,11.2833,-15.8333,78.84,69,17,10.78,few clouds
443,Uray,RU,60.1247,64.7758,-1.71,85,27,6.49,scattered clouds
444,Rovenki,UA,48.0833,39.3776,7.05,83,34,9.98,scattered clouds
445,Kulhudhuffushi,MV,6.6221,73.07,81.28,71,24,8.9,few clouds
446,Kavieng,PG,-2.5744,150.7967,85.17,66,98,11.72,overcast clouds
447,Prince Rupert,CA,54.3161,-130.3201,40.69,99,100,0.0,fog
448,Witu,KE,-2.3889,40.4382,77.16,94,82,2.8,broken clouds
449,Kamaishi,JP,39.2667,141.8833,34.75,63,27,19.75,scattered clouds
450,Mandera,KE,3.9366,41.867,75.54,39,95,5.59,overcast clouds
451,Quchan,IR,37.106,58.5095,35.91,73,42,3.24,scattered clouds
452,Manokwari,ID,-0.8667,134.0833,84.31,67,92,5.28,overcast clouds
453,Los Llanos De Aridane,ES,28.6585,-17.9182,56.95,67,0,8.99,clear sky
454,Pangnirtung,CA,66.1451,-65.7125,-21.77,80,88,5.12,overcast clouds
455,Sao Jose Da Coroa Grande,BR,-8.8978,-35.1478,76.62,86,60,1.45,broken clouds
456,Mao,ES,39.8885,4.2658,46.96,81,75,8.05,broken clouds
457,Dalbandin,PK,28.8947,64.4101,47.34,45,0,4.68,clear sky
458,Majene,ID,-3.5403,118.9707,80.73,81,99,7.27,overcast clouds
459,Aksu,CN,41.1231,80.2644,22.15,55,10,1.9,clear sky
460,Sola,VU,-13.8833,167.55,88.47,74,75,0.0,moderate rain
461,Esmeralda,CU,21.8525,-78.1169,69.04,88,9,4.21,clear sky
462,Merauke,ID,-8.4667,140.3333,83.89,74,48,6.82,scattered clouds
463,Sacramento,US,38.4666,-121.3177,58.82,87,0,3.0,clear sky
464,Leh,IN,34.1667,77.5833,-2.76,72,100,2.51,overcast clouds
465,Bima,ID,-8.4667,118.7167,87.48,68,99,3.98,overcast clouds
466,Puerto Leguizamo,CO,-0.1934,-74.7819,80.33,58,87,1.68,overcast clouds
467,Sisimiut,GL,66.9395,-53.6735,13.78,82,100,7.43,light snow
468,Talnakh,RU,69.4865,88.3972,-9.8,97,100,13.85,light snow
469,Parkes,AU,-33.1333,148.1833,89.35,37,0,1.01,clear sky
470,Rafai,CF,4.95,23.9167,71.15,81,87,1.83,overcast clouds
471,Homer,US,59.6425,-151.5483,30.09,93,0,0.0,clear sky
472,Bar-Le-Duc,FR,48.75,5.1667,32.95,89,4,9.35,clear sky
473,Sept-Iles,CA,50.2001,-66.3821,-1.77,83,20,4.61,few clouds
474,Hamilton,US,39.1834,-84.5333,41.77,69,0,0.0,clear sky
475,Birobidzhan,RU,48.8,132.95,8.91,88,100,4.14,overcast clouds
476,Ashland,US,40.8167,-82.2665,37.54,85,100,6.33,overcast clouds
477,Wagar,SD,16.1525,36.2032,71.58,76,52,9.35,broken clouds
478,Iquique,CL,-20.2208,-70.1431,68.04,79,60,2.13,broken clouds
479,Ahuimanu,US,21.4447,-157.8378,80.31,80,100,5.75,light rain
480,Searcy,US,35.2506,-91.7363,52.52,66,0,0.0,clear sky
481,Coquimbo,CL,-29.9533,-71.3436,64.13,82,0,3.44,clear sky
482,Shiraz,IR,29.6036,52.5388,33.24,86,0,0.0,clear sky
483,Salihorsk,BY,52.7876,27.5415,19.47,96,95,9.17,overcast clouds
484,Mattru,SL,7.6244,-11.8332,74.68,91,7,1.28,clear sky
485,Mbini,GQ,1.574,9.6134,78.82,85,81,6.67,broken clouds
486,Ayagoz,KZ,47.9714,80.4392,8.87,87,100,3.02,overcast clouds
487,Zemetchino,RU,53.4973,42.6163,7.61,98,96,2.1,overcast clouds
488,Breves,BR,-1.6822,-50.4803,72.43,93,96,3.11,light rain
489,Port-Gentil,GA,-0.7193,8.7815,78.98,83,86,8.84,light rain
490,Myitkyina,MM,25.3833,97.4,59.67,97,100,2.44,overcast clouds
491,Letlhakeng,BW,-24.0944,25.0298,67.77,85,26,10.11,scattered clouds
492,Baruun-Urt,MN,46.6806,113.2792,2.44,79,10,10.38,clear sky
493,Mukono,UG,0.3533,32.7553,67.75,63,100,1.59,overcast clouds
494,Nuuk,GL,64.1835,-51.7216,16.41,73,100,9.22,overcast clouds
495,Sobolevo,RU,54.4299,31.8996,-1.23,97,86,6.73,overcast clouds
496,Dehui,CN,44.5333,125.7,5.31,77,14,8.77,few clouds
497,Andros Town,BS,24.7,-77.7667,69.76,75,85,12.97,overcast clouds
498,Bondoukou,CI,8.0333,-2.8,71.8,57,8,4.54,clear sky
499,Williamsburg,US,37.2707,-76.7075,44.35,53,0,4.61,clear sky
500,Waipawa,NZ,-41.4122,175.5153,62.29,56,65,12.28,broken clouds
501,Prieska,ZA,-29.6641,22.7474,77.79,50,60,4.12,broken clouds
502,Nabire,ID,-3.3667,135.4833,86.2,65,100,5.08,overcast clouds
503,Labuhan,ID,-6.8844,112.2051,80.19,80,100,13.2,overcast clouds
504,Boyolangu,ID,-8.1181,111.8935,83.53,73,95,3.58,overcast clouds
505,Bundaberg,AU,-24.85,152.35,86.29,45,40,16.11,scattered clouds
506,Willowmore,ZA,-33.2926,23.4895,62.56,82,46,5.97,scattered clouds
507,Dom Pedrito,BR,-30.9828,-54.6731,76.57,43,0,10.04,clear sky
508,Takoradi,GH,4.8845,-1.7554,80.06,82,100,7.52,light rain
509,Nanakuli,US,21.3906,-158.1547,80.55,62,75,6.91,broken clouds
510,Kondinskoye,RU,59.6481,67.41,-1.62,87,84,7.74,broken clouds
511,Yinchuan,CN,38.4681,106.2731,21.6,38,2,3.38,clear sky
512,Tezu,IN,27.9167,96.1667,60.01,92,100,1.41,light rain
513,Kurilsk,RU,45.2333,147.8833,32.2,76,92,3.44,overcast clouds
514,Lezhe,AL,41.7836,19.6436,25.12,59,0,12.5,clear sky
515,Kauswagan,PH,8.1917,124.0847,79.99,82,100,11.01,overcast clouds
516,Rodos,GR,36.4408,28.2225,55.06,63,40,3.0,scattered clouds
517,Travesia,HN,15.8667,-87.9,72.14,82,35,6.35,scattered clouds
518,Nhulunbuy,AU,-12.2333,136.7667,88.41,70,40,12.66,scattered clouds
519,Bajil,YE,15.0584,43.2851,73.89,75,64,2.95,broken clouds
520,Araouane,ML,18.9048,-3.5265,62.13,14,23,9.93,few clouds
521,Purranque,CL,-40.9167,-73.1667,58.33,92,0,2.13,clear sky
522,Mikkeli,FI,61.6886,27.2723,35.71,93,75,16.11,broken clouds
523,Batemans Bay,AU,-35.7167,150.1833,76.98,72,80,7.18,broken clouds
524,Tilichiki,RU,60.4667,166.1,-2.99,92,89,7.56,overcast clouds
525,Maarianhamina,AX,60.0973,19.9348,42.66,75,0,14.97,clear sky
526,Sulecin,PL,52.4443,15.1168,38.08,94,88,11.92,overcast clouds
527,Namatanai,PG,-3.6667,152.4333,85.03,68,81,10.07,light rain
528,Sao Pedro Do Sul,BR,-29.6206,-54.1789,70.45,36,0,7.87,clear sky
529,Ossora,RU,59.2353,163.0719,10.49,95,100,5.68,overcast clouds
530,Benguela,AO,-12.5763,13.4055,74.61,82,100,1.88,overcast clouds
531,Loikaw,MM,19.6742,97.2094,73.9,41,45,1.14,scattered clouds
532,Flin Flon,CA,54.7682,-101.865,-0.58,99,90,3.02,overcast clouds
533,Hede,CN,33.7681,120.2517,36.73,37,8,15.41,clear sky
534,Isangel,VU,-19.55,169.2667,86.11,79,20,9.22,few clouds
535,Iberia,US,29.9502,-91.7507,46.98,76,0,3.44,clear sky
536,Okhotsk,RU,59.3833,143.3,-3.78,88,18,9.73,few clouds
537,Presidencia Roque Saenz Pena,AR,-26.7852,-60.4388,78.73,24,0,5.35,clear sky
538,Palasa,IN,18.7667,84.4167,73.17,76,77,5.97,broken clouds
539,Rockport,US,28.0206,-97.0544,61.05,89,0,5.75,clear sky
540,Vestmannaeyjar,IS,63.4427,-20.2734,39.07,60,100,37.74,light rain
541,Pocinhos,BR,-7.0767,-36.0611,71.89,93,11,5.35,few clouds
542,Harper,LR,4.375,-7.7169,78.89,84,29,7.63,light rain
543,Temir,KZ,49.1414,57.13,3.0,94,19,9.33,few clouds
544,Luwingu,ZM,-10.2621,29.9271,63.01,91,100,2.44,overcast clouds
545,Moose Factory,CA,51.2585,-80.6094,-18.42,83,0,5.75,clear sky
546,Brokopondo,SR,4.75,-55.1667,74.16,91,79,6.93,broken clouds
547,Kodinsk,RU,58.6881,99.1844,-23.33,100,100,0.92,overcast clouds
548,Dingle,PH,10.9995,122.6711,80.94,70,93,15.23,overcast clouds
549,Lovozero,RU,68.005,35.0117,16.54,95,72,7.07,broken clouds
550,Maldonado,UY,-34.6667,-54.9167,67.39,95,0,6.13,clear sky
551,Broken Hill,AU,-31.95,141.4333,103.71,16,57,19.57,broken clouds
552,Afua,BR,-0.1567,-50.3867,74.03,92,96,2.84,moderate rain
553,Sesheke,ZM,-17.4759,24.2968,67.21,97,100,11.88,moderate rain
554,Puerto Baquerizo Moreno,EC,-0.9,-89.6,74.39,81,62,9.98,broken clouds
555,Banda Aceh,ID,5.5577,95.3222,82.72,71,77,9.04,broken clouds
556,Half Moon Bay,US,37.4636,-122.4286,59.61,76,100,3.44,mist
557,Moirang,IN,24.5,93.7667,55.45,66,63,1.39,broken clouds
558,Muisne,EC,0.6,-80.0333,76.64,86,91,7.56,overcast clouds
559,Shalakusha,RU,62.2247,40.2539,14.07,89,99,15.35,overcast clouds
560,Nome,US,64.5011,-165.4064,-5.73,65,0,9.22,clear sky
561,Coos Bay,US,43.3665,-124.2179,54.14,93,0,6.91,clear sky
562,Rocha,UY,-34.4833,-54.3333,61.79,93,0,4.61,clear sky
563,Sandnessjoen,NO,66.0217,12.6316,39.18,70,100,34.9,overcast clouds
564,Inirida,CO,3.8653,-67.9239,77.63,67,51,1.5,broken clouds
565,Aqtobe,KZ,50.2797,57.2072,3.29,78,75,8.95,broken clouds
566,Ahipara,NZ,-35.1667,173.1667,74.35,56,3,3.87,clear sky
567,Simao,CN,22.7886,100.9748,67.21,44,1,4.81,clear sky
568,Yangjiang,CN,21.85,111.9667,62.94,62,100,7.25,overcast clouds
569,Gawler,AU,-34.6,138.7333,85.6,50,0,11.23,clear sky
570,Virginia Beach,US,36.8529,-75.978,44.65,49,75,8.05,broken clouds
571,Vila,PT,42.0304,-8.1588,39.94,50,5,5.64,clear sky
572,San Quintin,MX,30.4833,-115.95,64.67,36,100,3.62,overcast clouds
573,Houma,US,29.5958,-90.7195,46.4,68,3,2.1,clear sky
574,Adrar,MR,20.5022,-10.0711,61.97,16,97,9.31,overcast clouds
575,Ovsyanka,RU,55.9575,92.5519,-0.78,99,96,2.91,overcast clouds
576,Nemuro,JP,43.3236,145.575,34.23,77,74,25.34,broken clouds
577,Minsk,BY,53.9,27.5667,19.15,96,96,10.47,overcast clouds
578,Chissamba,AO,-12.1667,17.3333,62.91,97,100,1.45,moderate rain
579,Peniche,PT,39.3558,-9.3811,52.61,74,0,12.75,clear sky
580,Idah,NG,7.1065,6.7342,77.0,78,42,3.31,scattered clouds
581,Gasa,PS,31.5,34.4667,53.91,55,99,6.17,overcast clouds
582,Caxito,AO,-8.5785,13.6643,75.85,90,100,0.96,overcast clouds
583,Iskateley,RU,67.6803,53.1512,14.68,92,99,20.2,overcast clouds
584,Micheweni,TZ,-4.9667,39.8333,80.69,76,33,12.86,scattered clouds
585,Puerto Carreno,CO,6.189,-67.4859,80.82,52,42,7.94,scattered clouds
586,Yuli,NG,9.6989,10.2744,70.11,27,10,5.06,clear sky
587,Axim,GH,4.8699,-2.2405,79.77,83,94,7.83,light rain
588,Karratha,AU,-20.7377,116.8463,111.69,14,74,19.66,broken clouds
589,Plouzane,FR,48.3833,-4.6167,48.38,87,100,6.91,overcast clouds
590,Fethiye,TR,36.6217,29.1164,49.87,76,28,8.16,scattered clouds
591,Aklavik,CA,68.2191,-135.0107,-10.37,97,100,1.59,overcast clouds
592,Bacolod,PH,10.6667,122.95,82.54,64,96,16.8,overcast clouds
593,Samarai,PG,-10.6167,150.6667,85.39,72,89,15.23,overcast clouds
594,Yilan,TW,24.757,121.753,63.05,88,100,5.06,overcast clouds
595,Narsaq,GL,60.9167,-46.05,8.82,83,10,8.86,clear sky
596,Koulikoro,ML,14.0,-7.75,69.12,16,30,8.39,scattered clouds
597,Hue,VN,16.4667,107.6,73.51,78,75,4.61,broken clouds
598,Eureka,US,40.8021,-124.1637,54.79,81,12,7.54,few clouds
599,Tual,ID,-5.6667,132.75,83.17,75,99,14.72,overcast clouds
600,Kudahuvadhoo,MV,2.6708,72.8944,81.88,72,100,7.34,overcast clouds
601,Krasnyy,RU,54.5678,31.4333,0.72,93,49,7.76,scattered clouds
602,Aberdeen,GB,57.1437,-2.0981,48.2,87,63,2.3,broken clouds
603,Caravelas,BR,-17.7125,-39.2481,73.38,93,0,5.28,clear sky
604,Xinmin,CN,41.9908,122.8253,17.85,40,0,9.95,clear sky
605,Kamenka,RU,51.3223,42.7678,4.87,97,100,6.15,overcast clouds
606,Aboisso,CI,5.4678,-3.2071,76.82,91,47,3.6,scattered clouds
607,Sinop,TR,41.7711,34.8709,28.2,95,100,7.92,snow
608,Barra Patuca,HN,15.8,-84.2833,75.47,80,1,7.47,clear sky
609,Milkovo,RU,54.7167,158.6167,6.4,93,100,2.13,overcast clouds
610,Reriutaba,BR,-4.1417,-40.5822,74.86,83,93,3.47,overcast clouds
611,Preobrazheniye,RU,42.9019,133.9064,14.49,44,50,9.46,scattered clouds
612,Vigrestad,NO,58.5667,5.7,46.08,92,100,24.61,overcast clouds
613,Port Macquarie,AU,-31.4333,152.9167,78.89,63,33,9.01,scattered clouds
614,Te Anau,NZ,-45.4167,167.7167,68.16,40,1,4.56,clear sky
615,Santa Rosa,PH,14.3122,121.1114,82.38,72,59,10.69,broken clouds
616,Canas,CR,10.4294,-85.0931,78.66,83,14,8.57,few clouds
617,Vasterhaninge,SE,59.1167,18.1,43.84,88,100,17.07,overcast clouds
618,Aldergrove,CA,49.058,-122.4709,56.37,98,100,5.75,mist
619,Kirovsk,UA,48.6375,38.6428,6.58,85,84,11.1,broken clouds
620,Akyab,MM,20.15,92.9,72.12,55,57,5.66,broken clouds
621,Maanshan,CN,31.6957,118.4983,39.25,37,42,8.3,scattered clouds
622,Hailin,CN,44.5833,129.4167,1.06,78,26,8.57,scattered clouds
623,Gayeri,BF,12.6497,0.4931,70.59,9,38,7.61,scattered clouds
624,Villahermosa,MX,17.9833,-92.9167,72.01,87,75,0.0,broken clouds
625,Changji,CN,44.0167,87.3167,9.39,85,73,2.24,mist
626,Goure,NE,13.9835,10.2704,65.01,9,2,6.93,clear sky
627,Sao Miguel Do Araguaia,BR,-13.275,-50.1628,68.79,99,100,4.32,light rain
628,Rovaniemi,FI,66.5,25.7167,31.41,86,0,11.5,clear sky
629,Sakakah,SA,29.9697,40.2064,54.97,47,2,6.33,clear sky
630,Douala,CM,4.0483,9.7043,76.91,100,20,2.3,few clouds
631,Vesoul,FR,47.5833,5.8333,30.49,69,3,7.58,clear sky
632,Turayf,SA,31.6725,38.6637,44.85,81,40,4.61,scattered clouds
633,Lewistown,US,40.5992,-77.5714,39.94,100,0,0.0,clear sky
634,Impfondo,CG,1.6381,18.0667,75.67,42,100,2.84,overcast clouds
635,Waingapu,ID,-9.6567,120.2641,87.26,65,97,4.72,moderate rain
636,Turochak,RU,52.2576,87.1224,14.5,95,100,1.48,light snow
637,Simplicio Mendes,BR,-7.8539,-41.9103,71.78,88,94,1.88,overcast clouds
638,Westport,US,41.1415,-73.3579,35.94,80,0,3.44,clear sky
639,Maklar,HU,47.8,20.4167,24.91,63,1,3.0,clear sky
640,Vredendal,ZA,-31.6683,18.5012,67.84,71,0,0.98,clear sky
641,Loughborough,GB,52.7667,-1.2,41.52,93,0,9.22,clear sky
642,Goderich,CA,43.7501,-81.7165,32.32,80,100,1.14,overcast clouds
643,Huaicheng,CN,23.9051,112.1931,58.48,47,100,3.42,overcast clouds
644,Gigmoto,PH,13.7796,124.39,75.78,77,100,13.6,overcast clouds
645,Kangaatsiaq,GL,68.3065,-53.4641,0.55,96,85,8.1,overcast clouds
646,Gold Coast,AU,-28.0,153.4333,86.23,60,19,7.0,few clouds
647,Basoko,CD,1.2391,23.616,73.35,88,100,3.44,overcast clouds
648,Marfino,RU,55.7028,37.3822,4.95,80,75,4.47,broken clouds
649,Caraballeda,VE,10.6112,-66.8522,75.27,83,20,0.0,few clouds
650,Salym,RU,60.0625,71.4789,-2.85,94,71,6.64,broken clouds
651,Ostrovnoy,RU,68.0531,39.5131,26.42,87,100,24.36,overcast clouds
652,Biga,TR,40.2281,27.2422,38.05,78,100,22.19,overcast clouds
653,Nantucket,US,41.2835,-70.0995,37.15,83,73,16.6,broken clouds
654,Yantal,RU,56.8471,105.2542,-4.49,99,97,2.21,overcast clouds
655,Mbigou,GA,-1.9005,11.906,68.0,99,100,3.94,overcast clouds
656,Barguzin,RU,53.6167,109.6167,6.49,88,100,1.32,overcast clouds
657,Keelung,TW,25.1283,121.7419,63.09,81,100,12.95,overcast clouds
658,Usinsk,RU,65.9939,57.5281,12.83,93,100,27.04,light snow
659,Vagur,FO,61.4732,-6.8119,47.79,87,100,41.14,overcast clouds
660,Pavilosta,LV,56.8879,21.1859,39.15,96,100,18.23,overcast clouds
661,Nola,IT,40.922,14.5329,49.55,42,24,1.99,few clouds
662,Sayyan,YE,15.1718,44.3244,48.94,42,17,2.3,few clouds
663,Baoqing,CN,46.3317,132.2111,-0.31,78,100,14.43,overcast clouds
664,Jishu,CN,44.3167,126.8,-2.34,83,89,6.51,overcast clouds
665,Brae,GB,60.3964,-1.353,48.15,86,100,33.06,overcast clouds
666,Sobradinho,BR,-12.8333,-39.1,69.8,93,19,1.97,few clouds
667,Qaqortoq,GL,60.7167,-46.0333,9.1,86,27,8.28,scattered clouds
668,Gornyak,RU,50.9942,81.4661,10.51,91,100,3.42,overcast clouds
669,Karpogory,RU,64.0019,44.4451,13.78,80,99,17.43,overcast clouds
670,Quthing,LS,-30.4,27.7003,63.73,79,66,1.74,broken clouds
671,Barentu,ER,15.1139,37.5928,68.58,66,20,5.17,few clouds
672,Nara,JP,34.6851,135.8049,45.72,38,33,19.17,scattered clouds
673,Aransas Pass,US,27.9095,-97.15,61.97,89,40,1.99,scattered clouds
674,Espanola,US,35.9911,-106.0806,48.18,51,3,5.23,clear sky
675,Winneba,GH,5.3511,-0.6231,81.07,84,100,8.19,light rain
676,Kandrian,PG,-6.2167,149.55,88.07,64,31,8.41,scattered clouds
